sectorName,symbol,name,announced,eligibility_date,distribution_date,distribution_way,dividend_per_share
Energy,2030,SARCO,30/03/2023,22/06/2023,19/07/2023,تحويل للحساب,1
Energy,2030,SARCO,24/03/2022,28/06/2022,14/07/2022,تحويل للحساب,0.5
Energy,2030,SARCO,04/03/2021,21/04/2021,10/05/2021,تحويل للحساب,0.75
Energy,2030,SARCO,11/03/2020,21/04/2020,10/05/2020,تحويل للحساب,1
Energy,2030,SARCO,07/03/2019,24/04/2019,08/05/2019,تحويل للحساب,0.75
Energy,2222,SAUDI ARAMCO,09/05/2023,16/05/2023,31/05/2023,تحويل للحساب,0.3024
Energy,2222,SAUDI ARAMCO,12/03/2023,14/03/2023,20/03/2023,تحويل للحساب,0.3326
Energy,2222,SAUDI ARAMCO,01/11/2022,08/11/2022,28/11/2022,تحويل للحساب,0.3198
Energy,2222,SAUDI ARAMCO,14/08/2022,21/08/2022,07/09/2022,تحويل للحساب,0.3198
Energy,2222,SAUDI ARAMCO,15/05/2022,23/05/2022,08/06/2022,تحويل للحساب,0.3198
Energy,2380,PETRO RABIGH,08/03/2018,24/04/2018,08/05/2018,تحويل للحساب,0.5
Energy,2380,PETRO RABIGH,01/07/2015,27/07/2015,18/08/2015,تحويل للحساب,0.5
Energy,2381,ARABIAN DRILLING,02/08/2023,N/A,N/A,تحويل للحساب,2.53
Energy,4030,BAHRI,15/03/2023,19/06/2023,16/07/2023,تحويل للحساب,0.5
Energy,4030,BAHRI,21/09/2021,05/10/2021,24/10/2021,تحويل للحساب,1
Energy,4030,BAHRI,28/01/2021,26/04/2021,09/05/2021,تحويل للحساب,1
Energy,4030,BAHRI,21/09/2020,05/10/2020,22/10/2020,تحويل للحساب,1
Energy,4030,BAHRI,20/01/2020,20/04/2020,10/05/2020,تحويل للحساب,1
Energy,4200,ALDREES,22/01/2023,01/05/2023,15/05/2023,تحويل للحساب,2
Energy,4200,ALDREES,18/01/2022,28/02/2022,14/03/2022,تحويل للحساب,1.5
Energy,4200,ALDREES,19/01/2021,14/04/2021,28/04/2021,تحويل للحساب,1
Energy,4200,ALDREES,31/03/2020,28/04/2020,12/05/2020,تحويل للحساب,1.5
Energy,4200,ALDREES,17/01/2019,18/03/2019,02/04/2019,تحويل للحساب,1
Materials,1201,TAKWEEN,17/02/2014,02/04/2014,29/04/2014,تحويل للحساب,0.5
Materials,1201,TAKWEEN,17/02/2013,08/04/2013,29/04/2013,تحويل للحساب,0.5
Materials,1201,TAKWEEN,03/03/2012,18/04/2012,02/05/2012,تحويل للحساب,1.35
Materials,1202,MEPCO,23/05/2023,22/06/2023,11/07/2023,تحويل للحساب,0.5
Materials,1202,MEPCO,09/10/2022,13/10/2022,25/10/2022,تحويل للحساب,0.5
Materials,1202,MEPCO,17/03/2022,13/06/2022,23/06/2022,تحويل للحساب,1
Materials,1202,MEPCO,10/03/2019,11/03/2019,25/03/2019,تحويل للحساب,0.5
Materials,1202,MEPCO,30/10/2018,01/11/2018,14/11/2018,تحويل للحساب,0.5
Materials,1210,BCI,22/03/2023,N/A,N/A,تحويل للحساب,1
Materials,1210,BCI,19/12/2019,09/03/2020,17/03/2020,تحويل للحساب,1
Materials,1210,BCI,27/02/2018,15/05/2018,06/06/2018,تحويل للحساب,1
Materials,1210,BCI,05/03/2017,10/05/2017,23/05/2017,تحويل للحساب,1
Materials,1210,BCI,10/04/2016,15/05/2016,09/06/2016,تحويل للحساب,1
Materials,1301,ASLAK,01/08/2022,07/08/2022,18/08/2022,تحويل للحساب,1
Materials,1301,ASLAK,01/02/2022,10/02/2022,21/02/2022,تحويل للحساب,0.45
Materials,1301,ASLAK,29/07/2021,02/08/2021,17/08/2021,تحويل للحساب,0.75
Materials,1301,ASLAK,17/02/2021,21/02/2021,03/03/2021,تحويل للحساب,1
Materials,1301,ASLAK,16/09/2020,27/09/2020,08/10/2020,تحويل للحساب,1
Materials,1304,ALYAMAMAH STEEL,12/05/2022,16/06/2022,29/06/2022,تحويل للحساب,0.75
Materials,1304,ALYAMAMAH STEEL,13/12/2021,30/12/2021,12/01/2022,تحويل للحساب,1
Materials,1304,ALYAMAMAH STEEL,06/05/2021,20/05/2021,02/06/2021,تحويل للحساب,0.75
Materials,1304,ALYAMAMAH STEEL,23/12/2020,15/02/2021,25/02/2021,تحويل للحساب,1
Materials,1304,ALYAMAMAH STEEL,22/01/2018,28/01/2018,18/02/2018,تحويل للحساب,0.5
Materials,1320,SSP,07/07/2015,09/07/2015,30/07/2015,تحويل للحساب,0.5
Materials,1320,SSP,24/02/2015,01/04/2015,21/04/2015,تحويل للحساب,0.5
Materials,1320,SSP,16/07/2013,17/07/2013,01/08/2013,تحويل للحساب,0.75
Materials,1320,SSP,18/02/2013,03/04/2013,18/04/2013,تحويل للحساب,0.75
Materials,1320,SSP,20/02/2012,19/03/2012,04/04/2012,تحويل للحساب,0.75
Materials,1321,EAST PIPES,25/05/2023,16/07/2023,30/07/2023,تحويل للحساب,1
Materials,1322, AMAK,31/05/2023,05/06/2023,15/06/2023,تحويل للحساب,1
Materials,1322, AMAK,14/11/2022,21/11/2022,30/11/2022,تحويل للحساب,0.6
Materials,1322, AMAK,19/07/2022,26/07/2022,09/08/2022,تحويل للحساب,2
Materials,2001,CHEMANOL,17/02/2014,07/05/2014,21/05/2014,تحويل للحساب,0.6
Materials,2001,CHEMANOL,23/02/2013,27/04/2013,21/05/2013,تحويل للحساب,0.5
Materials,2010,SABIC,15/06/2023,12/09/2023,02/10/2023,تحويل للحساب,1.8
Materials,2010,SABIC,13/12/2022,13/03/2023,02/04/2023,تحويل للحساب,2
Materials,2010,SABIC,19/06/2022,11/09/2022,02/10/2022,تحويل للحساب,2.25
Materials,2010,SABIC,15/12/2021,10/04/2022,25/04/2022,تحويل للحساب,2.25
Materials,2010,SABIC,22/06/2021,19/09/2021,03/10/2021,تحويل للحساب,1.75
Materials,2020,SABIC AGRI-NUTRIENTS,05/06/2023,16/07/2023,31/07/2023,تحويل للحساب,3
Materials,2020,SABIC AGRI-NUTRIENTS,20/12/2022,26/03/2023,13/04/2023,تحويل للحساب,8
Materials,2020,SABIC AGRI-NUTRIENTS,29/06/2022,17/07/2022,01/08/2022,تحويل للحساب,4
Materials,2020,SABIC AGRI-NUTRIENTS,20/12/2021,13/04/2022,27/04/2022,تحويل للحساب,3
Materials,2020,SABIC AGRI-NUTRIENTS,14/06/2021,30/06/2021,14/07/2021,تحويل للحساب,1.25
Materials,2060,TASNEE,18/02/2015,08/04/2015,20/04/2015,تحويل للحساب,1
Materials,2060,TASNEE,19/02/2014,01/04/2014,15/04/2014,تحويل للحساب,1.5
Materials,2060,TASNEE,24/12/2012,06/04/2013,17/04/2013,تحويل للحساب,2
Materials,2060,TASNEE,27/12/2011,04/04/2012,18/04/2012,تحويل للحساب,1.5
Materials,2060,TASNEE,21/02/2011,04/04/2011,19/04/2011,تحويل للحساب,1
Materials,2090,NGC,31/03/2022,26/05/2022,09/06/2022,تحويل للحساب,1
Materials,2090,NGC,30/03/2021,05/05/2021,23/05/2021,تحويل للحساب,0.6
Materials,2090,NGC,17/03/2020,15/04/2020,27/04/2020,تحويل للحساب,0.35
Materials,2090,NGC,14/03/2019,09/04/2019,24/04/2019,تحويل للحساب,0.4
Materials,2090,NGC,14/03/2017,28/05/2017,06/06/2017,تحويل للحساب,0.5
Materials,2150,ZOUJAJ,27/07/2023,03/08/2023,N/A,تحويل للحساب,0.5
Materials,2150,ZOUJAJ,28/12/2022,01/02/2023,09/02/2023,تحويل للحساب,0.5
Materials,2150,ZOUJAJ,30/03/2022,18/05/2022,02/06/2022,تحويل للحساب,0.5
Materials,2150,ZOUJAJ,03/01/2022,16/01/2022,30/01/2022,تحويل للحساب,0.5
Materials,2150,ZOUJAJ,09/04/2019,15/04/2019,28/04/2019,تحويل للحساب,0.75
Materials,2170,ALUJAIN,05/06/2022,30/06/2022,20/07/2022,تحويل للحساب,1.5
Materials,2170,ALUJAIN,31/10/2021,04/11/2021,18/11/2021,تحويل للحساب,1
Materials,2170,ALUJAIN,24/10/2016,29/12/2016,17/07/2017,تحويل للحساب,0.5
Materials,2170,ALUJAIN,13/11/2016,29/12/2016,17/07/2017,تحويل للحساب,0.5
Materials,2170,ALUJAIN,14/06/1998,18/06/1998,13/07/1999,بالبريد,5
Materials,2180,FIPCO,31/01/2017,01/05/2017,21/05/2017,تحويل للحساب,0.5
Materials,2180,FIPCO,27/01/2015,02/04/2015,30/04/2015,تحويل للحساب,1
Materials,2180,FIPCO,15/01/2014,06/04/2014,29/05/2014,تحويل للحساب,1
Materials,2180,FIPCO,19/01/2013,21/04/2013,18/05/2013,تحويل للحساب,1
Materials,2180,FIPCO,31/12/2011,11/04/2012,01/05/2012,تحويل للحساب,1
Materials,2200,APC,29/12/2007,05/04/2008,16/04/2008,تحويل للحساب,1.5
Materials,2210,NAMA CHEMICALS,01/05/2000,25/05/2000,N/A,بالبريد,2.5
Materials,2210,NAMA CHEMICALS,23/05/1999,29/05/1999,N/A,بالبريد,2.5
Materials,2220,MAADANIYAH,28/12/2017,10/05/2018,30/05/2018,تحويل للحساب,0.25
Materials,2220,MAADANIYAH,22/12/2016,24/05/2017,08/06/2017,تحويل للحساب,0.5
Materials,2220,MAADANIYAH,07/12/2015,29/05/2016,08/06/2016,تحويل للحساب,0.5
Materials,2220,MAADANIYAH,17/12/2014,30/04/2015,25/05/2015,تحويل للحساب,0.5
Materials,2220,MAADANIYAH,20/02/2010,24/04/2010,22/05/2010,تحويل للحساب,0.5
Materials,2223,LUBEREF,30/07/2023,01/10/2023,15/10/2023,تحويل للحساب,5
Materials,2223,LUBEREF,19/02/2023,30/04/2023,11/05/2023,تحويل للحساب,5
Materials,2240,ZAMIL INDUST,26/03/2018,16/04/2018,30/04/2018,تحويل للحساب,1
Materials,2240,ZAMIL INDUST,02/08/2017,07/08/2017,21/08/2017,تحويل للحساب,1
Materials,2240,ZAMIL INDUST,19/01/2017,04/05/2017,18/05/2017,تحويل للحساب,1
Materials,2240,ZAMIL INDUST,27/07/2016,31/07/2016,14/08/2016,تحويل للحساب,1
Materials,2240,ZAMIL INDUST,21/12/2015,18/04/2016,02/05/2016,تحويل للحساب,1
Materials,2250,SIIG,01/08/2023,08/08/2023,24/08/2023,تحويل للحساب,0.5
Materials,2250,SIIG,05/12/2022,08/12/2022,22/12/2022,تحويل للحساب,0.75
Materials,2250,SIIG,17/04/2022,30/06/2022,21/07/2022,تحويل للحساب,0.75
Materials,2250,SIIG,17/04/2022,14/04/2022,27/04/2022,تحويل للحساب,0.75
Materials,2250,SIIG,03/06/2021,30/06/2021,15/07/2021,تحويل للحساب,0.5
Materials,2290,YANSAB,04/06/2023,18/07/2023,06/08/2023,تحويل للحساب,1
Materials,2290,YANSAB,25/12/2022,07/03/2023,26/03/2023,تحويل للحساب,1.25
Materials,2290,YANSAB,05/06/2022,15/06/2022,29/06/2022,تحويل للحساب,1.5
Materials,2290,YANSAB,23/12/2021,23/03/2022,30/03/2022,تحويل للحساب,1.5
Materials,2290,YANSAB,17/06/2021,01/07/2021,13/07/2021,تحويل للحساب,1.5
Materials,2300,SPM,23/12/2012,26/03/2013,13/04/2013,تحويل للحساب,1.5
Materials,2300,SPM,20/12/2011,02/04/2012,16/04/2012,تحويل للحساب,1.75
Materials,2300,SPM,15/12/2010,26/03/2011,10/04/2011,تحويل للحساب,1.5
Materials,2300,SPM,23/02/2010,06/04/2010,01/05/2010,تحويل للحساب,1.25
Materials,2300,SPM,27/12/2008,02/04/2009,20/04/2009,تحويل للحساب,1
Materials,2310,SIPCHEM,22/06/2023,06/07/2023,19/07/2023,تحويل للحساب,1.25
Materials,2310,SIPCHEM,01/12/2022,05/12/2022,15/12/2022,تحويل للحساب,1.5
Materials,2310,SIPCHEM,29/06/2022,06/07/2022,26/07/2022,تحويل للحساب,1.75
Materials,2310,SIPCHEM,15/12/2021,20/12/2021,30/12/2021,تحويل للحساب,1.5
Materials,2310,SIPCHEM,23/06/2021,30/06/2021,14/07/2021,تحويل للحساب,0.75
Materials,2330,ADVANCED,21/02/2023,18/05/2023,28/05/2023,تحويل للحساب,0.55
Materials,2330,ADVANCED,28/09/2022,08/12/2022,18/12/2022,تحويل للحساب,0.55
Materials,2330,ADVANCED,06/07/2022,08/09/2022,18/09/2022,تحويل للحساب,0.55
Materials,2330,ADVANCED,29/03/2022,12/05/2022,22/05/2022,تحويل للحساب,0.55
Materials,2330,ADVANCED,22/12/2021,10/02/2022,20/02/2022,تحويل للحساب,0.65
Materials,3001,HCC,17/05/2023,06/06/2023,22/06/2023,تحويل للحساب,0.25
Materials,3001,HCC,14/12/2022,15/12/2022,26/12/2022,تحويل للحساب,0.25
Materials,3001,HCC,25/08/2022,31/08/2022,14/09/2022,تحويل للحساب,0.25
Materials,3001,HCC,05/12/2021,09/12/2021,23/12/2021,تحويل للحساب,0.5
Materials,3001,HCC,08/02/2021,22/03/2021,05/04/2021,تحويل للحساب,0.5
Materials,3002,NAJRAN CEMENT,12/03/2023,11/04/2023,04/05/2023,تحويل للحساب,0.25
Materials,3002,NAJRAN CEMENT,02/10/2022,06/10/2022,19/10/2022,تحويل للحساب,0.25
Materials,3002,NAJRAN CEMENT,16/03/2022,13/04/2022,24/04/2022,تحويل للحساب,0.25
Materials,3002,NAJRAN CEMENT,22/09/2021,03/10/2021,17/10/2021,تحويل للحساب,0.75
Materials,3002,NAJRAN CEMENT,28/02/2021,31/03/2021,13/04/2021,تحويل للحساب,0.75
Materials,3003,CITY CEMENT,19/03/2023,21/03/2023,04/04/2023,تحويل للحساب,0.5
Materials,3003,CITY CEMENT,08/09/2022,12/09/2022,26/09/2022,تحويل للحساب,0.4
Materials,3003,CITY CEMENT,10/03/2022,17/03/2022,30/03/2022,تحويل للحساب,0.5
Materials,3003,CITY CEMENT,12/08/2021,19/08/2021,02/09/2021,تحويل للحساب,0.75
Materials,3003,CITY CEMENT,28/02/2021,07/03/2021,21/03/2021,تحويل للحساب,0.5
Materials,3004,NORTHERN CEMENT,22/05/2023,31/05/2023,15/06/2023,تحويل للحساب,0.25
Materials,3004,NORTHERN CEMENT,03/10/2022,09/10/2022,23/10/2022,تحويل للحساب,0.25
Materials,3004,NORTHERN CEMENT,28/03/2022,10/04/2022,20/04/2022,تحويل للحساب,0.25
Materials,3004,NORTHERN CEMENT,04/08/2021,10/08/2021,24/08/2021,تحويل للحساب,0.25
Materials,3004,NORTHERN CEMENT,09/03/2021,14/03/2021,28/03/2021,تحويل للحساب,0.25
Materials,3005,UACC,17/03/2022,10/05/2022,25/05/2022,تحويل للحساب,0.25
Materials,3005,UACC,01/08/2021,15/08/2021,29/08/2021,تحويل للحساب,0.5
Materials,3005,UACC,10/03/2021,28/04/2021,10/05/2021,تحويل للحساب,0.4
Materials,3005,UACC,28/07/2020,27/08/2020,10/09/2020,تحويل للحساب,0.3
Materials,3005,UACC,25/02/2020,06/04/2020,19/04/2020,تحويل للحساب,0.25
Materials,3007,OASIS,02/03/2023,21/05/2023,04/06/2023,تحويل للحساب,0.6
Materials,3007,OASIS,15/11/2021,09/05/2022,26/05/2022,تحويل للحساب,1.5
Materials,3007,OASIS,25/02/2021,26/04/2021,01/06/2021,تحويل للحساب,1
Materials,3007,OASIS,27/02/2020,19/04/2020,10/05/2020,تحويل للحساب,0.75
Materials,3007,OASIS,24/10/2019,21/11/2019,02/12/2019,تحويل للحساب,0.75
Materials,3010,ACC,23/02/2023,09/04/2023,17/04/2023,تحويل للحساب,1.1
Materials,3010,ACC,09/08/2022,31/08/2022,15/09/2022,تحويل للحساب,1.1
Materials,3010,ACC,28/02/2022,17/04/2022,12/05/2022,تحويل للحساب,1.5
Materials,3010,ACC,16/08/2021,18/08/2021,06/09/2021,تحويل للحساب,1.25
Materials,3010,ACC,01/03/2021,11/04/2021,02/05/2021,تحويل للحساب,1.25
Materials,3020,YSCC,15/02/2023,20/03/2023,09/04/2023,تحويل للحساب,1
Materials,3020,YSCC,11/02/2020,06/04/2020,20/04/2020,تحويل للحساب,0.5
Materials,3020,YSCC,19/01/2017,27/02/2017,19/03/2017,تحويل للحساب,0.25
Materials,3020,YSCC,21/07/2016,15/08/2016,25/09/2016,تحويل للحساب,0.25
Materials,3020,YSCC,21/04/2016,28/04/2016,22/05/2016,تحويل للحساب,0.5
Materials,3030,SAUDI CEMENT,07/06/2023,11/06/2023,20/06/2023,تحويل للحساب,1.5
Materials,3030,SAUDI CEMENT,01/02/2023,13/04/2023,07/05/2023,تحويل للحساب,1.75
Materials,3030,SAUDI CEMENT,02/06/2022,05/06/2022,15/06/2022,تحويل للحساب,1.5
Materials,3030,SAUDI CEMENT,01/02/2022,10/04/2022,20/04/2022,تحويل للحساب,2
Materials,3030,SAUDI CEMENT,02/06/2021,06/06/2021,16/06/2021,تحويل للحساب,1.5
Materials,3040,QACCO,24/05/2023,28/05/2023,14/06/2023,تحويل للحساب,0.65
Materials,3040,QACCO,20/02/2023,21/03/2023,05/04/2023,تحويل للحساب,0.6
Materials,3040,QACCO,22/11/2022,22/11/2022,12/12/2022,تحويل للحساب,0.6
Materials,3040,QACCO,13/09/2022,25/09/2022,12/10/2022,تحويل للحساب,0.5
Materials,3040,QACCO,17/05/2022,19/05/2022,06/06/2022,تحويل للحساب,0.5
Materials,3050,SPCC,28/03/2023,N/A,N/A,تحويل للحساب,0.5
Materials,3050,SPCC,08/09/2022,14/09/2022,26/09/2022,تحويل للحساب,0.75
Materials,3050,SPCC,03/03/2022,12/04/2022,24/04/2022,تحويل للحساب,1.25
Materials,3050,SPCC,29/07/2021,10/08/2021,22/08/2021,تحويل للحساب,1.25
Materials,3050,SPCC,03/03/2021,11/04/2021,25/04/2021,تحويل للحساب,2.5
Materials,3060,YCC,29/05/2023,31/05/2023,20/06/2023,تحويل للحساب,1.5
Materials,3060,YCC,11/12/2022,12/12/2022,29/12/2022,تحويل للحساب,0.75
Materials,3060,YCC,02/06/2022,12/06/2022,30/06/2022,تحويل للحساب,0.75
Materials,3060,YCC,12/12/2021,13/12/2021,30/12/2021,تحويل للحساب,1
Materials,3060,YCC,26/07/2021,29/07/2021,17/08/2021,تحويل للحساب,1.25
Materials,3080,EPCCO,20/03/2023,26/03/2023,13/04/2023,تحويل للحساب,1
Materials,3080,EPCCO,03/08/2022,14/08/2022,30/08/2022,تحويل للحساب,1
Materials,3080,EPCCO,13/03/2022,11/04/2022,26/04/2022,تحويل للحساب,1.1
Materials,3080,EPCCO,02/08/2021,08/08/2021,23/08/2021,تحويل للحساب,1.4
Materials,3080,EPCCO,07/03/2021,11/04/2021,28/04/2021,تحويل للحساب,2.5
Materials,3090,TCC,27/03/2022,21/04/2022,15/05/2022,تحويل للحساب,0.25
Materials,3090,TCC,10/01/2016,28/04/2016,08/05/2016,تحويل للحساب,0.9
Materials,3090,TCC,19/02/2015,09/04/2015,26/04/2015,تحويل للحساب,0.5
Materials,3090,TCC,30/06/2014,15/07/2014,17/08/2014,تحويل للحساب,1
Materials,3090,TCC,26/12/2013,16/04/2014,27/04/2014,تحويل للحساب,0.8
Materials,3091,JOUF CEMENT,05/03/2013,06/05/2013,16/05/2013,تحويل للحساب,0.5
Materials,3091,JOUF CEMENT,30/05/2012,04/06/2012,16/06/2012,تحويل للحساب,0.5
Capital Goods,1212,ASTRA INDUSTRIAL,16/03/2023,28/05/2023,04/06/2023,تحويل للحساب,2.5
Capital Goods,1212,ASTRA INDUSTRIAL,16/03/2022,21/04/2022,28/04/2022,تحويل للحساب,1.5
Capital Goods,1212,ASTRA INDUSTRIAL,11/03/2021,11/04/2021,20/04/2021,تحويل للحساب,0.75
Capital Goods,1212,ASTRA INDUSTRIAL,28/03/2018,17/05/2018,07/06/2018,تحويل للحساب,0.5
Capital Goods,1212,ASTRA INDUSTRIAL,19/03/2017,16/05/2017,06/06/2017,تحويل للحساب,0.5
Capital Goods,1302,BAWAN,03/08/2023,03/09/2023,17/09/2023,تحويل للحساب,0.65
Capital Goods,1302,BAWAN,05/03/2023,23/03/2023,06/04/2023,تحويل للحساب,0.65
Capital Goods,1302,BAWAN,09/08/2022,18/08/2022,06/09/2022,تحويل للحساب,0.85
Capital Goods,1302,BAWAN,28/12/2021,23/01/2022,06/02/2022,تحويل للحساب,0.75
Capital Goods,1302,BAWAN,05/08/2021,19/08/2021,01/09/2021,تحويل للحساب,0.75
Capital Goods,1303,EIC,17/03/2022,20/04/2022,17/05/2022,تحويل للحساب,1
Capital Goods,1303,EIC,17/03/2021,26/04/2021,09/05/2021,تحويل للحساب,0.5
Capital Goods,1303,EIC,21/03/2018,13/05/2018,27/05/2018,تحويل للحساب,1
Capital Goods,1303,EIC,14/03/2017,25/04/2017,11/05/2017,تحويل للحساب,0.9
Capital Goods,1303,EIC,19/11/2015,30/11/2015,14/12/2015,تحويل للحساب,0.5
Capital Goods,2040,SAUDI CERAMICS,23/02/2023,14/03/2023,28/03/2023,تحويل للحساب,0.5
Capital Goods,2040,SAUDI CERAMICS,13/07/2022,01/08/2022,14/08/2022,تحويل للحساب,0.5
Capital Goods,2040,SAUDI CERAMICS,17/02/2022,21/02/2022,03/03/2022,تحويل للحساب,0.75
Capital Goods,2040,SAUDI CERAMICS,27/07/2021,01/08/2021,15/08/2021,تحويل للحساب,0.75
Capital Goods,2040,SAUDI CERAMICS,29/12/2016,19/04/2017,08/05/2017,تحويل للحساب,1
Capital Goods,2110,SAUDI CABLE,30/04/2011,07/06/2011,09/07/2011,تحويل للحساب,0.375
Capital Goods,2110,SAUDI CABLE,30/04/2011,07/06/2011,18/12/2011,تحويل للحساب,0.375
Capital Goods,2110,SAUDI CABLE,20/03/2010,24/04/2010,24/05/2010,تحويل للحساب,0.75
Capital Goods,2110,SAUDI CABLE,07/03/2009,16/04/2009,17/05/2009,تحويل للحساب,0.75
Capital Goods,2110,SAUDI CABLE,11/03/2008,09/04/2008,18/05/2008,تحويل للحساب,0.75
Capital Goods,2160,AMIANTIT,14/02/2016,04/04/2016,14/04/2016,تحويل للحساب,0.65
Capital Goods,2160,AMIANTIT,06/02/2014,20/03/2014,03/04/2014,تحويل للحساب,1
Capital Goods,2160,AMIANTIT,03/02/2013,09/03/2013,20/03/2013,تحويل للحساب,1
Capital Goods,2160,AMIANTIT,01/02/2012,29/02/2012,10/03/2012,تحويل للحساب,1.25
Capital Goods,2160,AMIANTIT,28/12/2010,27/02/2011,09/03/2011,تحويل للحساب,1.5
Capital Goods,2320,ALBABTAIN,02/04/2023,01/06/2023,19/06/2023,تحويل للحساب,0.5
Capital Goods,2320,ALBABTAIN,30/03/2022,08/05/2022,25/05/2022,تحويل للحساب,0.5
Capital Goods,2320,ALBABTAIN,31/12/2020,21/01/2021,09/02/2021,تحويل للحساب,1
Capital Goods,2320,ALBABTAIN,02/03/2020,09/03/2020,26/03/2020,تحويل للحساب,0.5
Capital Goods,2320,ALBABTAIN,11/11/2019,20/11/2019,08/12/2019,تحويل للحساب,0.5
Capital Goods,2360,SVCP,11/11/2020,30/11/2020,14/12/2020,تحويل للحساب,1
Capital Goods,2360,SVCP,22/12/2019,31/12/2019,08/01/2020,تحويل للحساب,1
Capital Goods,2360,SVCP,24/12/2017,31/12/2017,21/01/2018,تحويل للحساب,1.5
Capital Goods,2360,SVCP,25/09/2017,28/09/2017,19/10/2017,تحويل للحساب,1.5
Capital Goods,2360,SVCP,18/01/2017,31/01/2017,15/02/2017,تحويل للحساب,1
Capital Goods,2370,MESC,19/01/2010,22/03/2010,31/03/2010,تحويل للحساب,1
Capital Goods,2370,MESC,25/01/2009,31/03/2009,22/04/2009,تحويل للحساب,1.2
Capital Goods,2370,MESC,19/02/2008,16/07/2008,04/08/2008,تحويل للحساب,0.5
Capital Goods,4140,SIECO,10/01/2012,02/04/2012,22/04/2012,تحويل للحساب,0.5
Capital Goods,4140,SIECO,17/12/2008,23/03/2009,20/04/2009,تحويل للحساب,1
Capital Goods,4140,SIECO,11/02/2007,18/04/2007,09/05/2007,تحويل للحساب,1
Capital Goods,4140,SIECO,20/02/2005,05/04/2005,07/05/2005,استلام شخصي,5
Capital Goods,4140,SIECO,19/03/2004,25/04/2004,25/05/2004,استلام شخصي,2.5
Capital Goods,4141,ALOMRAN,10/05/2022,19/06/2022,29/06/2022,تحويل للحساب,0.75
Capital Goods,4142,RIYADH CABLES,12/03/2023,20/06/2023,13/07/2023,تحويل للحساب,1.5
Commercial & Professional Svc,1831,MAHARAH,07/03/2023,12/03/2023,22/03/2023,تحويل للحساب,1
Commercial & Professional Svc,1831,MAHARAH,30/08/2022,04/09/2022,14/09/2022,تحويل للحساب,1.25
Commercial & Professional Svc,1831,MAHARAH,13/03/2022,17/03/2022,29/03/2022,تحويل للحساب,2
Commercial & Professional Svc,1831,MAHARAH,17/08/2021,22/08/2021,02/09/2021,تحويل للحساب,1.75
Commercial & Professional Svc,1831,MAHARAH,17/03/2021,21/03/2021,05/04/2021,تحويل للحساب,2
Commercial & Professional Svc,1832,SADR,23/12/2020,27/04/2021,20/05/2021,تحويل للحساب,0.5
Commercial & Professional Svc,1832,SADR,21/11/2019,25/06/2020,16/07/2020,تحويل للحساب,0.5
Commercial & Professional Svc,1832,SADR,10/12/2018,09/05/2019,18/06/2019,تحويل للحساب,1.5
Commercial & Professional Svc,1832,SADR,28/12/2017,11/04/2018,29/04/2018,تحويل للحساب,1.5
Commercial & Professional Svc,4270,SPPC,10/02/2013,16/03/2013,13/04/2013,تحويل للحساب,0.5
Commercial & Professional Svc,4270,SPPC,05/02/2012,04/03/2012,25/03/2012,تحويل للحساب,0.5
Commercial & Professional Svc,4270,SPPC,15/02/2011,03/04/2011,01/05/2011,تحويل للحساب,0.5
Commercial & Professional Svc,4270,SPPC,11/01/2009,24/03/2009,14/04/2009,تحويل للحساب,1.5
Commercial & Professional Svc,4270,SPPC,18/02/2008,25/03/2008,22/04/2008,تحويل للحساب,1
Commercial & Professional Svc,6004,CATERING,02/08/2023,10/08/2023,31/08/2023,تحويل للحساب,1
Commercial & Professional Svc,6004,CATERING,23/03/2023,02/04/2023,30/04/2023,تحويل للحساب,0.5
Commercial & Professional Svc,6004,CATERING,18/02/2020,12/03/2020,27/10/2020,تحويل للحساب,1.4
Commercial & Professional Svc,6004,CATERING,06/11/2019,21/11/2019,11/12/2019,تحويل للحساب,1.5
Commercial & Professional Svc,6004,CATERING,07/08/2019,22/08/2019,12/09/2019,تحويل للحساب,1.35
Transportation,2190,SISCO,10/04/2023,30/04/2023,16/05/2023,تحويل للحساب,0.4
Transportation,2190,SISCO,11/08/2022,21/08/2022,08/09/2022,تحويل للحساب,0.4
Transportation,2190,SISCO,02/03/2022,10/03/2022,27/03/2022,تحويل للحساب,0.4
Transportation,2190,SISCO,12/08/2021,03/11/2021,23/11/2021,تحويل للحساب,0.4
Transportation,2190,SISCO,28/02/2021,05/05/2021,31/05/2021,تحويل للحساب,0.8
Transportation,4031,SGS,31/07/2019,06/08/2019,02/09/2019,تحويل للحساب,1
Transportation,4031,SGS,28/03/2019,24/04/2019,08/05/2019,تحويل للحساب,0.8
Transportation,4031,SGS,11/07/2018,18/07/2018,06/08/2018,تحويل للحساب,1.3
Transportation,4031,SGS,17/04/2018,27/05/2018,11/06/2018,تحويل للحساب,0.65
Transportation,4031,SGS,12/11/2017,20/11/2017,04/12/2017,تحويل للحساب,0.65
Transportation,4040,SAPTCO,29/01/2018,29/04/2018,13/05/2018,تحويل للحساب,0.5
Transportation,4040,SAPTCO,24/01/2017,27/03/2017,10/04/2017,تحويل للحساب,0.5
Transportation,4040,SAPTCO,05/01/2016,11/04/2016,25/04/2016,تحويل للحساب,0.5
Transportation,4040,SAPTCO,27/01/2015,20/04/2015,03/05/2015,تحويل للحساب,0.75
Transportation,4040,SAPTCO,23/02/2015,20/04/2015,03/05/2015,تحويل للحساب,0.5
Transportation,4110,BATIC,14/05/2017,06/06/2017,20/06/2017,تحويل للحساب,0.25
Transportation,4110,BATIC,31/12/2014,11/05/2015,07/06/2015,تحويل للحساب,0.5
Transportation,4110,BATIC,13/07/2014,10/08/2014,20/08/2014,تحويل للحساب,0.5
Transportation,4110,BATIC,01/01/2014,07/04/2014,07/05/2014,تحويل للحساب,1
Transportation,4110,BATIC,28/02/2006,24/04/2006,11/06/2006,تحويل للحساب,0.8
Transportation,4260,BUDGET SAUDI,27/07/2023,24/08/2023,N/A,تحويل للحساب,0.5
Transportation,4260,BUDGET SAUDI,23/02/2023,13/04/2023,09/05/2023,تحويل للحساب,1.5
Transportation,4260,BUDGET SAUDI,31/07/2022,18/08/2022,01/09/2022,تحويل للحساب,0.5
Transportation,4260,BUDGET SAUDI,30/03/2022,17/05/2022,02/06/2022,تحويل للحساب,1.3
Transportation,4260,BUDGET SAUDI,22/08/2021,01/09/2021,20/09/2021,تحويل للحساب,0.6
Transportation,4261,THEEB,01/06/2023,01/06/2023,13/06/2023,تحويل للحساب,0.49
Transportation,4261,THEEB,29/03/2023,03/04/2023,13/04/2023,تحويل للحساب,0.59
Transportation,4261,THEEB,14/11/2022,15/11/2022,27/11/2022,تحويل للحساب,0.62
Transportation,4261,THEEB,30/08/2022,08/09/2022,20/09/2022,تحويل للحساب,0.5
Transportation,4261,THEEB,07/06/2022,21/06/2022,06/07/2022,تحويل للحساب,0.49
Consumer Durables & Apparel,1213,NASEEJ,20/02/2014,07/04/2014,29/04/2014,تحويل للحساب,0.5
Consumer Durables & Apparel,1213,NASEEJ,26/11/2012,01/04/2013,15/04/2013,تحويل للحساب,0.5
Consumer Durables & Apparel,1213,NASEEJ,16/02/2011,27/03/2011,13/04/2011,تحويل للحساب,1
Consumer Durables & Apparel,2340,ALABDULLATIF,28/02/2019,27/03/2019,10/04/2019,تحويل للحساب,0.25
Consumer Durables & Apparel,2340,ALABDULLATIF,08/03/2018,01/05/2018,14/05/2018,تحويل للحساب,0.5
Consumer Durables & Apparel,2340,ALABDULLATIF,08/02/2017,11/04/2017,04/05/2017,تحويل للحساب,0.5
Consumer Durables & Apparel,2340,ALABDULLATIF,25/02/2016,12/04/2016,02/05/2016,تحويل للحساب,0.3
Consumer Durables & Apparel,2340,ALABDULLATIF,17/11/2015,30/11/2015,10/12/2015,تحويل للحساب,1.25
Consumer Durables & Apparel,4011,LAZURDE,23/03/2023,19/06/2023,13/07/2023,تحويل للحساب,0.3
Consumer Durables & Apparel,4011,LAZURDE,17/03/2022,30/06/2022,28/07/2022,تحويل للحساب,0.25
Consumer Durables & Apparel,4011,LAZURDE,23/03/2017,10/04/2017,24/04/2017,تحويل للحساب,0.5
Consumer Durables & Apparel,4012,ALASEEL,19/07/2023,24/07/2023,N/A,تحويل للحساب,0.0875
Consumer Durables & Apparel,4012,ALASEEL,28/02/2023,21/03/2023,04/04/2023,تحويل للحساب,0.75
Consumer Durables & Apparel,4012,ALASEEL,28/07/2022,03/08/2022,17/08/2022,تحويل للحساب,0.75
Consumer Durables & Apparel,4012,ALASEEL,21/02/2022,12/04/2022,26/04/2022,تحويل للحساب,0.75
Consumer Durables & Apparel,4012,ALASEEL,15/07/2021,19/09/2021,30/09/2021,تحويل للحساب,0.75
Consumer Durables & Apparel,4180,FITAIHI GROUP,01/01/2023,04/05/2023,18/05/2023,تحويل للحساب,0.4
Consumer Durables & Apparel,4180,FITAIHI GROUP,07/11/2021,14/11/2021,30/11/2021,تحويل للحساب,0.5
Consumer Durables & Apparel,4180,FITAIHI GROUP,07/03/2021,11/03/2021,31/03/2021,تحويل للحساب,0.2
Consumer Durables & Apparel,4180,FITAIHI GROUP,11/11/2020,17/11/2020,07/12/2020,تحويل للحساب,0.2
Consumer Durables & Apparel,4180,FITAIHI GROUP,05/08/2019,08/08/2019,29/08/2019,تحويل للحساب,0.2
Consumer Services,1810,SEERA,03/05/2017,18/02/2018,25/02/2018,تحويل للحساب,0.5
Consumer Services,1810,SEERA,03/05/2017,17/08/2017,24/08/2017,تحويل للحساب,0.5
Consumer Services,1810,SEERA,06/08/2014,17/08/2014,08/09/2014,تحويل للحساب,2
Consumer Services,1810,SEERA,03/02/2014,06/02/2014,26/02/2014,تحويل للحساب,2
Consumer Services,1810,SEERA,24/07/2013,18/08/2013,08/09/2013,تحويل للحساب,2
Consumer Services,1820,ALHOKAIR GROUP,22/01/2017,02/02/2017,14/02/2017,تحويل للحساب,0.65
Consumer Services,1820,ALHOKAIR GROUP,28/07/2016,11/08/2016,05/10/2016,تحويل للحساب,0.65
Consumer Services,1820,ALHOKAIR GROUP,24/02/2016,10/03/2016,09/05/2016,تحويل للحساب,1.25
Consumer Services,1820,ALHOKAIR GROUP,15/07/2015,02/08/2015,11/10/2015,تحويل للحساب,1.25
Consumer Services,1820,ALHOKAIR GROUP,22/02/2015,19/03/2015,06/05/2015,تحويل للحساب,1.25
Consumer Services,1830,FITNESS TIME,31/07/2023,03/08/2023,15/08/2023,تحويل للحساب,0.75
Consumer Services,1830,FITNESS TIME,16/05/2023,21/05/2023,31/05/2023,تحويل للحساب,0.64
Consumer Services,1830,FITNESS TIME,12/03/2023,14/03/2023,27/03/2023,تحويل للحساب,1.11
Consumer Services,1830,FITNESS TIME,31/10/2022,06/11/2022,20/11/2022,تحويل للحساب,0.7
Consumer Services,1830,FITNESS TIME,07/08/2022,09/08/2022,24/08/2022,تحويل للحساب,0.37
Consumer Services,4010,DUR,19/02/2020,12/04/2020,26/04/2020,تحويل للحساب,0.5
Consumer Services,4010,DUR,14/03/2019,12/05/2019,23/05/2019,تحويل للحساب,0.25
Consumer Services,4010,DUR,08/08/2018,16/08/2018,06/09/2018,تحويل للحساب,0.25
Consumer Services,4010,DUR,27/02/2018,29/03/2018,12/04/2018,تحويل للحساب,0.3
Consumer Services,4010,DUR,30/07/2017,02/08/2017,15/08/2017,تحويل للحساب,0.4
Consumer Services,4170,TECO,04/03/2002,30/03/2002,01/04/2002,بالبريد,2.5
Consumer Services,4170,TECO,24/07/2000,02/08/2000,01/09/2000,تحويل للحساب,2.5
Consumer Services,4290,ALKHALEEJ TRNG,30/03/2021,25/05/2021,13/06/2021,تحويل للحساب,0.25
Consumer Services,4290,ALKHALEEJ TRNG,26/03/2020,05/05/2020,19/05/2020,تحويل للحساب,0.25
Consumer Services,4290,ALKHALEEJ TRNG,28/03/2018,24/04/2018,23/05/2018,تحويل للحساب,0.5
Consumer Services,4290,ALKHALEEJ TRNG,21/02/2017,16/04/2017,15/05/2017,تحويل للحساب,0.5
Consumer Services,4290,ALKHALEEJ TRNG,17/02/2016,26/04/2016,29/05/2016,تحويل للحساب,1
Consumer Services,4291,NCLE,16/11/2022,28/12/2022,08/01/2023,تحويل للحساب,1.2
Consumer Services,4291,NCLE,18/11/2021,09/01/2022,20/01/2022,تحويل للحساب,0.8
Consumer Services,4291,NCLE,22/11/2020,13/01/2021,24/01/2021,تحويل للحساب,0.8
Consumer Services,4291,NCLE,06/11/2019,25/12/2019,14/01/2020,تحويل للحساب,0.8
Consumer Services,4291,NCLE,29/11/2018,20/02/2019,07/03/2019,تحويل للحساب,0.4
Consumer Services,4292,ATAA,07/12/2022,18/01/2023,29/01/2023,تحويل للحساب,1
Consumer Services,4292,ATAA,29/09/2021,07/11/2021,21/11/2021,تحويل للحساب,1
Consumer Services,4292,ATAA,26/10/2020,11/01/2021,26/01/2021,تحويل للحساب,1
Consumer Services,4292,ATAA,30/10/2019,20/01/2020,29/01/2020,تحويل للحساب,1
Consumer Services,6002,HERFY FOODS,16/03/2023,08/05/2023,24/05/2023,تحويل للحساب,0.5
Consumer Services,6002,HERFY FOODS,09/03/2021,25/04/2021,10/05/2021,تحويل للحساب,1
Consumer Services,6002,HERFY FOODS,12/03/2020,20/04/2020,07/05/2020,تحويل للحساب,1.1
Consumer Services,6002,HERFY FOODS,12/09/2019,10/10/2019,24/10/2019,تحويل للحساب,1
Consumer Services,6002,HERFY FOODS,12/03/2019,30/04/2019,13/05/2019,تحويل للحساب,1.1
Consumer Services,6012,RAYDAN,03/06/2018,26/06/2018,10/07/2018,تحويل للحساب,0.5
Consumer Services,6014,ALAMAR,14/05/2023,23/05/2023,05/06/2023,تحويل للحساب,0.5
Consumer Services,6014,ALAMAR,26/03/2023,03/04/2023,13/04/2023,تحويل للحساب,1
Consumer Services,6014,ALAMAR,16/11/2022,27/11/2022,12/12/2022,تحويل للحساب,0.7
Consumer Services,6014,ALAMAR,22/08/2022,30/08/2022,20/09/2022,تحويل للحساب,1.69
Consumer Services,6015,AMERICANA,23/02/2023,04/04/2023,N/A,تحويل للحساب,0.0461
Media and Entertainment,4070,TAPRCO,22/05/2011,08/08/2011,03/10/2011,تحويل للحساب,1.5
Media and Entertainment,4070,TAPRCO,02/06/2009,26/08/2009,06/10/2009,تحويل للحساب,1.2
Media and Entertainment,4070,TAPRCO,15/07/2008,22/09/2008,01/11/2008,تحويل للحساب,1
Media and Entertainment,4070,TAPRCO,12/05/2007,26/09/2007,20/11/2007,تحويل للحساب,0.75
Media and Entertainment,4070,TAPRCO,24/07/2005,26/09/2005,26/10/2005,استلام شخصي,3
Media and Entertainment,4071,ALARABIA,21/05/2023,21/06/2023,13/07/2023,تحويل للحساب,0.4
Media and Entertainment,4071,ALARABIA,04/09/2022,04/10/2022,19/10/2022,تحويل للحساب,1.9
Media and Entertainment,4071,ALARABIA,07/03/2022,10/05/2022,19/05/2022,تحويل للحساب,1.86
Media and Entertainment,4210,SRMG,11/02/2013,17/03/2013,08/04/2013,تحويل للحساب,1
Media and Entertainment,4210,SRMG,06/02/2012,05/03/2012,25/03/2012,تحويل للحساب,1
Media and Entertainment,4210,SRMG,16/02/2011,18/04/2011,07/05/2011,تحويل للحساب,1
Media and Entertainment,4210,SRMG,24/02/2010,25/04/2010,15/05/2010,تحويل للحساب,0.5
Media and Entertainment,4210,SRMG,30/12/2008,25/03/2009,15/04/2009,تحويل للحساب,2
Retailing,1214,SHAKER,17/10/2016,03/11/2016,23/11/2016,تحويل للحساب,0.75
Retailing,1214,SHAKER,20/11/2014,30/11/2014,15/12/2014,تحويل للحساب,2.5
Retailing,1214,SHAKER,21/01/2014,03/04/2014,27/04/2014,تحويل للحساب,2.5
Retailing,1214,SHAKER,17/10/2012,28/11/2012,10/12/2012,تحويل للحساب,4
Retailing,1214,SHAKER,19/10/2011,30/11/2011,05/12/2011,تحويل للحساب,3.5
Retailing,4003,EXTRA,31/07/2023,02/08/2023,20/08/2023,تحويل للحساب,1.5
Retailing,4003,EXTRA,13/04/2023,18/05/2023,04/06/2023,تحويل للحساب,2
Retailing,4003,EXTRA,09/08/2022,11/08/2022,25/08/2022,تحويل للحساب,2.5
Retailing,4003,EXTRA,08/03/2022,14/04/2022,28/04/2022,تحويل للحساب,2.5
Retailing,4003,EXTRA,12/07/2021,15/07/2021,05/08/2021,تحويل للحساب,2
Retailing,4008,SACO,14/03/2021,28/03/2021,11/04/2021,تحويل للحساب,0.75
Retailing,4008,SACO,26/07/2020,16/08/2020,30/08/2020,تحويل للحساب,0.5
Retailing,4008,SACO,23/07/2019,29/08/2019,11/09/2019,تحويل للحساب,1
Retailing,4008,SACO,27/02/2019,03/04/2019,17/04/2019,تحويل للحساب,1
Retailing,4008,SACO,23/07/2018,04/09/2018,19/09/2018,تحويل للحساب,1
Retailing,4050,SASCO,19/12/2022,25/12/2022,05/01/2023,تحويل للحساب,0.5
Retailing,4050,SASCO,05/09/2022,08/09/2022,21/09/2022,تحويل للحساب,0.5
Retailing,4050,SASCO,14/04/2022,14/06/2022,29/06/2022,تحويل للحساب,0.25
Retailing,4050,SASCO,28/12/2021,02/01/2022,17/01/2022,تحويل للحساب,0.2
Retailing,4050,SASCO,09/09/2021,19/09/2021,04/10/2021,تحويل للحساب,0.3
Retailing,4051,BAAZEEM,16/03/2023,02/05/2023,17/05/2023,تحويل للحساب,1.1
Retailing,4051,BAAZEEM,09/08/2022,16/08/2022,04/09/2022,تحويل للحساب,0.7
Retailing,4051,BAAZEEM,13/03/2022,09/05/2022,23/05/2022,تحويل للحساب,1.75
Retailing,4051,BAAZEEM,04/03/2021,22/04/2021,07/05/2021,تحويل للحساب,1.75
Retailing,4051,BAAZEEM,15/03/2020,16/04/2020,30/04/2020,تحويل للحساب,1.6
Retailing,4190,JARIR ,03/08/2023,07/08/2023,16/08/2023,تحويل للحساب,0.15
Retailing,4190,JARIR ,08/05/2023,15/05/2023,24/05/2023,تحويل للحساب,2.05
Retailing,4190,JARIR ,15/03/2023,20/03/2023,29/03/2023,تحويل للحساب,2.2
Retailing,4190,JARIR ,09/11/2022,14/11/2022,23/11/2022,تحويل للحساب,2.25
Retailing,4190,JARIR ,04/08/2022,08/08/2022,17/08/2022,تحويل للحساب,1.45
Retailing,4191,ABO MOATI,27/07/2023,N/A,N/A,تحويل للحساب,0.5
Retailing,4191,ABO MOATI,27/07/2003,N/A,N/A,تحويل للحساب,0.5
Retailing,4191,ABO MOATI,28/07/2022,20/09/2022,10/10/2022,تحويل للحساب,0.5
Retailing,4191,ABO MOATI,05/08/2021,16/09/2021,05/10/2021,تحويل للحساب,0.5
Retailing,4191,ABO MOATI,15/07/2020,09/09/2020,22/09/2020,تحويل للحساب,0.5
Retailing,4192,ALSAIF GALLERY,06/07/2023,09/07/2023,19/07/2023,تحويل للحساب,0.1
Retailing,4192,ALSAIF GALLERY,19/03/2023,23/03/2023,04/04/2023,تحويل للحساب,1
Retailing,4192,ALSAIF GALLERY,27/12/2022,29/12/2022,12/01/2023,تحويل للحساب,1
Retailing,4240,CENOMI RETAIL,27/04/2015,30/06/2015,18/08/2015,تحويل للحساب,1
Retailing,4240,CENOMI RETAIL,20/10/2014,23/10/2014,31/12/2014,تحويل للحساب,1.25
Retailing,4240,CENOMI RETAIL,21/04/2014,24/04/2014,23/06/2014,تحويل للحساب,3
Retailing,4240,CENOMI RETAIL,28/10/2013,06/11/2013,31/12/2013,تحويل للحساب,1.5
Retailing,4240,CENOMI RETAIL,20/04/2013,24/04/2013,29/05/2013,تحويل للحساب,3
Food & Staples Retailing,4001,A.OTHAIM MARKET,12/02/2023,16/02/2023,02/03/2023,تحويل للحساب,2.75
Food & Staples Retailing,4001,A.OTHAIM MARKET,16/11/2022,20/11/2022,01/12/2022,تحويل للحساب,7.5
Food & Staples Retailing,4001,A.OTHAIM MARKET,18/08/2022,31/08/2022,15/09/2022,تحويل للحساب,2
Food & Staples Retailing,4001,A.OTHAIM MARKET,15/02/2022,20/03/2022,30/03/2022,تحويل للحساب,2
Food & Staples Retailing,4001,A.OTHAIM MARKET,29/08/2021,09/09/2021,22/09/2021,تحويل للحساب,2
Food & Staples Retailing,4006,FARM SUPERSTORES,29/03/2023,18/05/2023,05/06/2023,تحويل للحساب,0.5
Food & Staples Retailing,4006,FARM SUPERSTORES,28/03/2018,30/04/2018,14/05/2018,تحويل للحساب,0.75
Food & Staples Retailing,4006,FARM SUPERSTORES,18/01/2017,04/05/2017,23/05/2017,تحويل للحساب,1
Food & Staples Retailing,4006,FARM SUPERSTORES,04/06/2015,25/06/2015,05/07/2015,تحويل للحساب,1.5
Food & Staples Retailing,4061,ANAAM HOLDING,20/03/1988,25/06/1988,25/07/1988,تحويل للحساب,2.5
Food & Staples Retailing,4061,ANAAM HOLDING,12/05/1987,24/06/1987,25/07/1987,تحويل للحساب,2.5
Food & Staples Retailing,4161,BINDAWOOD,23/05/2023,31/05/2023,14/06/2023,تحويل للحساب,1
Food & Staples Retailing,4161,BINDAWOOD,24/08/2022,11/09/2022,25/09/2022,تحويل للحساب,0.9
Food & Staples Retailing,4161,BINDAWOOD,30/03/2022,10/04/2022,24/04/2022,تحويل للحساب,0.65
Food & Staples Retailing,4161,BINDAWOOD,15/08/2021,26/08/2021,05/09/2021,تحويل للحساب,1.25
Food & Staples Retailing,4161,BINDAWOOD,10/11/2020,19/11/2020,30/11/2020,تحويل للحساب,2
Food & Staples Retailing,4162,ALMUNAJEM,18/07/2023,06/08/2023,22/08/2023,تحويل للحساب,1.25
Food & Staples Retailing,4162,ALMUNAJEM,23/03/2023,08/05/2023,17/05/2023,تحويل للحساب,1
Food & Staples Retailing,4162,ALMUNAJEM,18/07/2022,31/07/2022,14/08/2022,تحويل للحساب,1.25
Food & Staples Retailing,4162,ALMUNAJEM,27/03/2022,01/06/2022,12/06/2022,تحويل للحساب,2
Food & Staples Retailing,4163,ALDAWAA,21/03/2023,05/04/2023,01/05/2023,تحويل للحساب,1.25
Food & Staples Retailing,4163,ALDAWAA,23/08/2022,05/09/2022,20/09/2022,تحويل للحساب,1.25
Food & Staples Retailing,4164,NAHDI,02/08/2023,10/08/2023,24/08/2023,تحويل للحساب,2.5
Food & Staples Retailing,4164,NAHDI,20/03/2023,28/03/2023,10/04/2023,تحويل للحساب,3
Food & Staples Retailing,4164,NAHDI,09/08/2022,15/08/2022,25/08/2022,تحويل للحساب,2.31
Food & Beverages,2050,SAVOLA GROUP,27/03/2023,10/05/2023,31/05/2023,تحويل للحساب,0.66
Food & Beverages,2050,SAVOLA GROUP,01/02/2022,16/05/2022,06/06/2022,تحويل للحساب,0.2
Food & Beverages,2050,SAVOLA GROUP,27/01/2021,28/04/2021,24/05/2021,تحويل للحساب,0.75
Food & Beverages,2050,SAVOLA GROUP,29/01/2020,29/04/2020,20/05/2020,تحويل للحساب,0.3
Food & Beverages,2050,SAVOLA GROUP,08/02/2018,27/05/2018,10/06/2018,تحويل للحساب,1
Food & Beverages,2100,WAFRAH,09/03/2014,02/06/2014,23/07/2014,تحويل للحساب,0.5
Food & Beverages,2270,SADAFCO,19/06/2023,22/08/2023,N/A,تحويل للحساب,3
Food & Beverages,2270,SADAFCO,03/01/2023,05/01/2023,23/01/2023,تحويل للحساب,3
Food & Beverages,2270,SADAFCO,25/05/2022,28/06/2022,19/07/2022,تحويل للحساب,3
Food & Beverages,2270,SADAFCO,04/01/2022,06/01/2022,25/01/2022,تحويل للحساب,3
Food & Beverages,2270,SADAFCO,13/06/2021,12/07/2021,05/08/2021,تحويل للحساب,3
Food & Beverages,2280,ALMARAI,20/12/2022,11/04/2023,17/04/2023,تحويل للحساب,1
Food & Beverages,2280,ALMARAI,15/12/2021,12/04/2022,20/04/2022,تحويل للحساب,1
Food & Beverages,2280,ALMARAI,15/12/2020,13/04/2021,21/04/2021,تحويل للحساب,1
Food & Beverages,2280,ALMARAI,09/12/2019,05/04/2020,13/04/2020,تحويل للحساب,0.85
Food & Beverages,2280,ALMARAI,10/12/2018,07/04/2019,15/04/2019,تحويل للحساب,0.85
Food & Beverages,2281,TANMIAH,27/04/2023,07/06/2023,04/07/2023,تحويل للحساب,3.5
Food & Beverages,2281,TANMIAH,23/03/2022,14/04/2022,28/04/2022,تحويل للحساب,0.51
Food & Beverages,2282,NAQI,13/12/2022,08/01/2023,18/01/2023,تحويل للحساب,1
Food & Beverages,2283,FIRST MILLS,31/07/2023,31/07/2023,14/08/2023,تحويل للحساب,1.37
Food & Beverages,6001,HB,29/12/2021,19/04/2022,11/05/2022,تحويل للحساب,2
Food & Beverages,6001,HB,28/12/2020,03/02/2021,21/02/2021,تحويل للحساب,1.5
Food & Beverages,6001,HB,01/04/2020,14/05/2020,07/06/2020,تحويل للحساب,1
Food & Beverages,6001,HB,24/12/2017,05/04/2018,16/04/2018,تحويل للحساب,2.5
Food & Beverages,6001,HB,25/12/2016,09/04/2017,24/04/2017,تحويل للحساب,2.5
Food & Beverages,6010,NADEC,17/01/2016,07/04/2016,04/05/2016,تحويل للحساب,0.5
Food & Beverages,6010,NADEC,16/02/2015,17/03/2015,15/04/2015,تحويل للحساب,0.5
Food & Beverages,6010,NADEC,13/02/2013,27/04/2013,27/05/2013,تحويل للحساب,0.5
Food & Beverages,6010,NADEC,25/08/2012,01/09/2012,08/09/2012,تحويل للحساب,0.5
Food & Beverages,6010,NADEC,18/02/2012,31/03/2012,01/05/2012,تحويل للحساب,0.75
Food & Beverages,6020,GACO,22/05/2017,04/07/2017,24/07/2017,تحويل للحساب,0.25
Food & Beverages,6040,TADCO,24/03/2002,N/A,N/A,بالبريد,2.5
Food & Beverages,6040,TADCO,21/02/2016,16/05/2016,12/01/2017,تحويل للحساب,0.5
Food & Beverages,6040,TADCO,19/02/2014,27/04/2014,01/03/2015,تحويل للحساب,0.5
Food & Beverages,6040,TADCO,18/02/2013,23/04/2013,21/05/2013,تحويل للحساب,0.5
Food & Beverages,6040,TADCO,24/12/2011,10/04/2012,09/05/2012,تحويل للحساب,0.5
Food & Beverages,6050,SFICO,22/04/2002,05/05/2002,01/06/2002,تحويل للحساب,3
Food & Beverages,6050,SFICO,25/06/1996,19/06/1996,30/07/1996,بالبريد,5
Food & Beverages,6060,SHARQIYAH DEV,27/04/2003,21/05/2003,14/06/2003,بالبريد,2.5
Food & Beverages,6070,ALJOUF,05/03/2023,16/03/2023,03/05/2023,تحويل للحساب,0.5
Food & Beverages,6070,ALJOUF,10/08/2022,15/08/2022,25/08/2022,تحويل للحساب,0.5
Food & Beverages,6070,ALJOUF,24/12/2020,27/01/2021,11/02/2021,تحويل للحساب,0.25
Food & Beverages,6070,ALJOUF,20/08/2020,27/08/2020,10/09/2020,تحويل للحساب,0.5
Food & Beverages,6070,ALJOUF,19/03/2020,06/05/2020,21/05/2020,تحويل للحساب,0.5
Food & Beverages,6090,JAZADCO,01/01/2017,02/05/2017,22/08/2017,تحويل للحساب,0.5
Food & Beverages,6090,JAZADCO,09/02/2009,23/03/2009,16/04/2009,تحويل للحساب,0.5
Food & Beverages,6090,JAZADCO,25/02/2008,13/05/2008,31/05/2008,تحويل للحساب,0.5
Food & Beverages,6090,JAZADCO,18/02/2007,02/05/2007,02/06/2007,تحويل للحساب,1
Food & Beverages,6090,JAZADCO,29/01/2006,29/03/2006,29/05/2006,تحويل للحساب,2.5
Health Care Equipment & Svc,2140,AYYAN,08/03/2000,05/04/2000,25/04/2000,بالبريد,2.5
Health Care Equipment & Svc,2140,AYYAN,19/04/1999,11/05/1999,12/05/1999,بالبريد,2.5
Health Care Equipment & Svc,2140,AYYAN,31/03/1997,28/04/1997,10/06/1997,بالبريد,2.5
Health Care Equipment & Svc,2230,CHEMICAL,19/12/2022,18/01/2023,29/01/2023,تحويل للحساب,0.5
Health Care Equipment & Svc,2230,CHEMICAL,23/12/2021,23/01/2022,03/02/2022,تحويل للحساب,0.5
Health Care Equipment & Svc,2230,CHEMICAL,08/04/2021,26/05/2021,14/06/2021,تحويل للحساب,0.5
Health Care Equipment & Svc,2230,CHEMICAL,09/09/2018,02/12/2018,16/12/2018,تحويل للحساب,1.25
Health Care Equipment & Svc,2230,CHEMICAL,17/12/2017,25/12/2017,07/01/2018,تحويل للحساب,1
Health Care Equipment & Svc,4002,MOUWASAT,22/12/2022,07/05/2023,17/05/2023,تحويل للحساب,3
Health Care Equipment & Svc,4002,MOUWASAT,17/01/2022,09/05/2022,19/05/2022,تحويل للحساب,2.75
Health Care Equipment & Svc,4002,MOUWASAT,25/02/2021,29/04/2021,09/05/2021,تحويل للحساب,2.5
Health Care Equipment & Svc,4002,MOUWASAT,16/03/2020,22/04/2020,06/05/2020,تحويل للحساب,2
Health Care Equipment & Svc,4002,MOUWASAT,25/02/2019,22/04/2019,05/05/2019,تحويل للحساب,1.75
Health Care Equipment & Svc,4004,DALLAH HEALTH,20/06/2023,06/07/2023,20/07/2023,تحويل للحساب,0.5
Health Care Equipment & Svc,4004,DALLAH HEALTH,19/12/2022,20/12/2022,29/12/2022,تحويل للحساب,1
Health Care Equipment & Svc,4004,DALLAH HEALTH,21/09/2022,25/09/2022,09/10/2022,تحويل للحساب,1
Health Care Equipment & Svc,4004,DALLAH HEALTH,15/12/2021,16/12/2021,30/12/2021,تحويل للحساب,1
Health Care Equipment & Svc,4004,DALLAH HEALTH,22/09/2021,30/09/2021,14/10/2021,تحويل للحساب,0.5
Health Care Equipment & Svc,4005,CARE,21/03/2023,19/06/2023,10/07/2023,تحويل للحساب,1
Health Care Equipment & Svc,4005,CARE,19/04/2022,17/05/2022,31/05/2022,تحويل للحساب,1
Health Care Equipment & Svc,4005,CARE,28/03/2021,27/05/2021,16/06/2021,تحويل للحساب,1
Health Care Equipment & Svc,4005,CARE,26/01/2020,15/04/2020,23/04/2020,تحويل للحساب,2
Health Care Equipment & Svc,4005,CARE,24/03/2019,23/04/2019,09/05/2019,تحويل للحساب,1
Health Care Equipment & Svc,4007,ALHAMMADI,19/06/2023,02/07/2023,12/07/2023,تحويل للحساب,0.35
Health Care Equipment & Svc,4007,ALHAMMADI,02/03/2023,12/03/2023,22/03/2023,تحويل للحساب,0.35
Health Care Equipment & Svc,4007,ALHAMMADI,30/11/2022,08/12/2022,19/12/2022,تحويل للحساب,0.35
Health Care Equipment & Svc,4007,ALHAMMADI,11/09/2022,18/09/2022,27/09/2022,تحويل للحساب,0.3
Health Care Equipment & Svc,4007,ALHAMMADI,02/06/2022,08/06/2022,19/06/2022,تحويل للحساب,0.4
Health Care Equipment & Svc,4009,SAUDI GERMAN HEALTH,29/03/2018,24/06/2018,12/07/2018,تحويل للحساب,2
Health Care Equipment & Svc,4009,SAUDI GERMAN HEALTH,05/03/2017,08/06/2017,21/06/2017,تحويل للحساب,2
Health Care Equipment & Svc,4009,SAUDI GERMAN HEALTH,20/04/2016,29/06/2016,28/07/2016,تحويل للحساب,2
Health Care Equipment & Svc,4013,SULAIMAN ALHABIB,07/05/2023,11/05/2023,29/05/2023,تحويل للحساب,1
Health Care Equipment & Svc,4013,SULAIMAN ALHABIB,19/02/2023,23/02/2023,13/03/2023,تحويل للحساب,0.93
Health Care Equipment & Svc,4013,SULAIMAN ALHABIB,23/10/2022,27/10/2022,14/11/2022,تحويل للحساب,0.86
Health Care Equipment & Svc,4013,SULAIMAN ALHABIB,07/08/2022,11/08/2022,29/08/2022,تحويل للحساب,0.86
Health Care Equipment & Svc,4013,SULAIMAN ALHABIB,24/04/2022,28/04/2022,17/05/2022,تحويل للحساب,0.83
Health Care Equipment & Svc,4014,EQUIPMENT HOUSE,24/05/2022,29/06/2022,25/07/2022,تحويل للحساب,1
"Pharma, Biotech & Life Science",2070,SPIMACO,24/03/2022,08/06/2022,27/06/2022,تحويل للحساب,0.6
"Pharma, Biotech & Life Science",2070,SPIMACO,23/03/2021,30/05/2021,16/06/2021,تحويل للحساب,1
"Pharma, Biotech & Life Science",2070,SPIMACO,31/03/2020,14/05/2020,11/06/2020,تحويل للحساب,0.5
"Pharma, Biotech & Life Science",2070,SPIMACO,05/03/2019,02/04/2019,18/04/2019,تحويل للحساب,1
"Pharma, Biotech & Life Science",2070,SPIMACO,31/07/2018,30/08/2018,20/09/2018,تحويل للحساب,0.5
Banks,1010,RIBL,19/07/2023,27/07/2023,07/08/2023,تحويل للحساب,0.65
Banks,1010,RIBL,19/12/2022,26/03/2023,03/04/2023,تحويل للحساب,0.65
Banks,1010,RIBL,18/07/2022,28/07/2022,11/08/2022,تحويل للحساب,0.5
Banks,1010,RIBL,16/12/2021,12/04/2022,25/04/2022,تحويل للحساب,0.54
Banks,1010,RIBL,21/06/2021,24/06/2021,05/07/2021,تحويل للحساب,0.5
Banks,1020,BJAZ,01/08/2022,07/08/2022,15/08/2022,تحويل للحساب,0.4
Banks,1020,BJAZ,07/02/2022,13/02/2022,21/02/2022,تحويل للحساب,0.35
Banks,1020,BJAZ,03/08/2021,09/08/2021,23/08/2021,تحويل للحساب,0.35
Banks,1020,BJAZ,26/01/2020,15/04/2020,05/05/2020,تحويل للحساب,0.3
Banks,1020,BJAZ,01/08/2019,04/08/2019,26/08/2019,تحويل للحساب,0.3
Banks,1030,SAIB,30/07/2023,03/08/2023,15/08/2023,تحويل للحساب,0.4
Banks,1030,SAIB,25/12/2022,10/04/2023,30/04/2023,تحويل للحساب,0.45
Banks,1030,SAIB,24/07/2022,31/07/2022,14/08/2022,تحويل للحساب,0.3
Banks,1030,SAIB,22/12/2021,01/02/2022,10/02/2022,تحويل للحساب,0.7
Banks,1030,SAIB,04/03/2021,21/04/2021,02/05/2021,تحويل للحساب,0.4
Banks,1050,BSFR,26/07/2023,03/08/2023,20/08/2023,تحويل للحساب,0.95
Banks,1050,BSFR,13/12/2022,24/05/2023,12/06/2023,تحويل للحساب,0.9
Banks,1050,BSFR,30/06/2022,21/07/2022,04/08/2022,تحويل للحساب,0.75
Banks,1050,BSFR,23/12/2021,12/06/2022,30/06/2022,تحويل للحساب,0.85
Banks,1050,BSFR,04/07/2021,11/07/2021,05/08/2021,تحويل للحساب,0.65
Banks,1060,SAB,30/07/2023,13/08/2023,28/08/2023,تحويل للحساب,0.88
Banks,1060,SAB,14/02/2023,03/05/2023,18/05/2023,تحويل للحساب,0.74
Banks,1060,SAB,04/07/2022,13/07/2022,27/07/2022,تحويل للحساب,0.55
Banks,1060,SAB,21/02/2022,17/04/2022,25/04/2022,تحويل للحساب,0.36
Banks,1060,SAB,01/08/2021,05/08/2021,19/08/2021,تحويل للحساب,0.5
Banks,1080,ANB,24/07/2023,27/07/2023,08/08/2023,تحويل للحساب,0.65
Banks,1080,ANB,21/12/2022,28/03/2023,11/04/2023,تحويل للحساب,0.6
Banks,1080,ANB,27/06/2022,29/06/2022,18/07/2022,تحويل للحساب,0.5
Banks,1080,ANB,22/12/2021,12/04/2022,21/04/2022,تحويل للحساب,0.45
Banks,1080,ANB,24/06/2021,01/07/2021,14/07/2021,تحويل للحساب,0.35
Banks,1120,ALRAJHI,24/07/2023,31/07/2023,14/08/2023,تحويل للحساب,1.15
Banks,1120,ALRAJHI,15/01/2023,21/03/2023,02/04/2023,تحويل للحساب,1.25
Banks,1120,ALRAJHI,30/06/2021,06/07/2021,14/07/2021,تحويل للحساب,1.4
Banks,1120,ALRAJHI,01/03/2021,29/03/2021,06/04/2021,تحويل للحساب,1
Banks,1120,ALRAJHI,03/02/2020,29/03/2020,06/04/2020,تحويل للحساب,1.5
Banks,1140,ALBILAD,01/01/2023,01/05/2023,10/05/2023,تحويل للحساب,0.5
Banks,1140,ALBILAD,11/02/2020,26/04/2020,04/05/2020,تحويل للحساب,0.5
Banks,1140,ALBILAD,21/07/2019,25/07/2019,08/08/2019,تحويل للحساب,0.4
Banks,1140,ALBILAD,14/01/2018,11/04/2018,29/04/2018,تحويل للحساب,0.4
Banks,1140,ALBILAD,26/09/2017,01/10/2017,19/10/2017,تحويل للحساب,0.3
Banks,1150,ALINMA,27/07/2023,09/08/2023,23/08/2023,تحويل للحساب,0.3
Banks,1150,ALINMA,15/05/2023,29/05/2023,12/06/2023,تحويل للحساب,0.25
Banks,1150,ALINMA,21/12/2022,30/04/2023,11/05/2023,تحويل للحساب,0.5
Banks,1150,ALINMA,17/07/2022,31/07/2022,14/08/2022,تحويل للحساب,0.45
Banks,1150,ALINMA,30/12/2021,13/04/2022,25/04/2022,تحويل للحساب,0.4
Banks,1180,SNB,26/07/2023,01/08/2023,13/08/2023,تحويل للحساب,0.85
Banks,1180,SNB,12/01/2023,07/05/2023,18/05/2023,تحويل للحساب,0.6
Banks,1180,SNB,03/07/2022,13/07/2022,21/07/2022,تحويل للحساب,1.1
Banks,1180,SNB,27/01/2022,17/04/2022,26/04/2022,تحويل للحساب,0.9
Banks,1180,SNB,09/08/2021,12/08/2021,23/08/2021,تحويل للحساب,0.65
Banks,1182,AMLAK,16/03/2023,02/05/2023,15/05/2023,تحويل للحساب,0.8
Banks,1182,AMLAK,23/03/2022,17/05/2022,31/05/2022,تحويل للحساب,0.85
Banks,1182,AMLAK,30/03/2021,24/05/2021,01/06/2021,تحويل للحساب,0.8
Banks,1182,AMLAK,13/07/2020,30/09/2020,11/10/2020,تحويل للحساب,0.75
Banks,1183,SHL,30/05/2023,21/06/2023,13/07/2023,تحويل للحساب,0.5
Banks,1183,SHL,30/05/2022,31/05/2022,14/06/2022,تحويل للحساب,0.774
Diversified Financials,1111,TADAWUL GROUP,26/02/2023,10/05/2023,21/05/2023,تحويل للحساب,2.31
Diversified Financials,1111,TADAWUL GROUP,06/03/2022,12/05/2022,23/05/2022,تحويل للحساب,3
Diversified Financials,2120,SAIC,27/03/2023,04/06/2023,19/06/2023,تحويل للحساب,0.5
Diversified Financials,2120,SAIC,13/03/2022,31/05/2022,15/06/2022,تحويل للحساب,0.75
Diversified Financials,2120,SAIC,23/03/2021,23/06/2021,05/07/2021,تحويل للحساب,0.25
Diversified Financials,2120,SAIC,19/08/2020,30/08/2020,15/09/2020,تحويل للحساب,0.25
Diversified Financials,2120,SAIC,30/12/2018,28/02/2019,13/03/2019,تحويل للحساب,0.25
Diversified Financials,4080,SINAD HOLDING,15/07/1997,N/A,N/A,بالبريد,5.4
Diversified Financials,4080,SINAD HOLDING,21/12/2016,23/04/2017,09/05/2017,تحويل للحساب,1
Diversified Financials,4080,SINAD HOLDING,22/12/2015,11/04/2016,27/04/2016,تحويل للحساب,1
Diversified Financials,4080,SINAD HOLDING,21/12/2014,01/04/2015,20/04/2015,تحويل للحساب,1
Diversified Financials,4080,SINAD HOLDING,25/12/2013,28/04/2014,18/05/2014,تحويل للحساب,1
Diversified Financials,4081,NAYIFAT,15/05/2022,17/05/2022,30/05/2022,تحويل للحساب,0.75
Diversified Financials,4081,NAYIFAT,06/12/2021,09/12/2021,16/12/2021,تحويل للحساب,0.75
Diversified Financials,4082,MRNA,20/07/2023,N/A,N/A,تحويل للحساب,0.53
Diversified Financials,4280,KINGDOM,30/03/2023,14/05/2023,29/05/2023,تحويل للحساب,0.07
Diversified Financials,4280,KINGDOM,27/02/2022,29/09/2022,16/10/2022,تحويل للحساب,0.07
Diversified Financials,4280,KINGDOM,27/02/2022,30/06/2022,14/07/2022,تحويل للحساب,0.07
Diversified Financials,4280,KINGDOM,27/02/2022,17/04/2022,26/04/2022,تحويل للحساب,0.07
Diversified Financials,4280,KINGDOM,31/03/2021,30/12/2021,16/01/2022,تحويل للحساب,0.125
Insurance,8010,TAWUNIYA,08/05/2023,07/06/2023,19/06/2023,تحويل للحساب,1
Insurance,8010,TAWUNIYA,06/04/2021,29/04/2021,09/05/2021,تحويل للحساب,0.8
Insurance,8010,TAWUNIYA,15/02/2017,21/03/2017,27/03/2017,تحويل للحساب,5
Insurance,8010,TAWUNIYA,21/02/2016,21/03/2016,24/03/2016,تحويل للحساب,1
Insurance,8010,TAWUNIYA,11/02/2015,16/03/2015,19/03/2015,تحويل للحساب,1.45
Insurance,8012,JAZIRA TAKAFUL,11/04/2018,20/05/2018,07/06/2018,تحويل للحساب,0.7
Insurance,8012,JAZIRA TAKAFUL,01/03/2017,17/05/2017,05/06/2017,تحويل للحساب,0.5
Insurance,8012,JAZIRA TAKAFUL,02/05/2016,29/05/2016,12/06/2016,تحويل للحساب,0.5
Insurance,8030,MEDGULF,11/02/2012,31/03/2012,15/04/2012,تحويل للحساب,2
Insurance,8030,MEDGULF,29/03/2011,08/05/2011,06/06/2011,تحويل للحساب,1.25
Insurance,8030,MEDGULF,03/03/2010,05/04/2010,03/05/2010,تحويل للحساب,0.75
Insurance,8060,WALAA,09/04/2019,21/05/2019,10/06/2019,تحويل للحساب,1
Insurance,8070,ARABIAN SHIELD,23/02/2017,30/03/2017,16/04/2017,تحويل للحساب,2
Insurance,8180,ALSAGR INSURANCE,30/04/2018,28/06/2018,17/07/2018,تحويل للحساب,0.75
Insurance,8180,ALSAGR INSURANCE,05/03/2017,16/05/2017,15/06/2017,تحويل للحساب,2
Insurance,8180,ALSAGR INSURANCE,14/08/2016,02/10/2016,07/11/2016,تحويل للحساب,2
Insurance,8180,ALSAGR INSURANCE,22/02/2015,20/04/2015,14/05/2015,تحويل للحساب,0.5
Insurance,8180,ALSAGR INSURANCE,12/05/2014,17/06/2014,10/07/2014,تحويل للحساب,0.5
Insurance,8190,UCA,17/03/2012,14/05/2012,09/06/2012,تحويل للحساب,1
Insurance,8190,UCA,21/06/2011,26/06/2011,23/07/2011,تحويل للحساب,1
Insurance,8210,BUPA ARABIA,03/05/2023,22/06/2023,17/07/2023,تحويل للحساب,3.6
Insurance,8210,BUPA ARABIA,06/06/2022,30/06/2022,20/07/2022,تحويل للحساب,4.5
Insurance,8210,BUPA ARABIA,25/04/2021,24/06/2021,08/07/2021,تحويل للحساب,3.4
Insurance,8210,BUPA ARABIA,30/04/2019,30/06/2019,14/07/2019,تحويل للحساب,1.5
Insurance,8210,BUPA ARABIA,17/04/2018,31/05/2018,11/06/2018,تحويل للحساب,2
Insurance,8250,GIG,17/05/2023,18/06/2023,04/07/2023,تحويل للحساب,0.5
Insurance,8250,GIG,17/03/2022,15/05/2022,02/06/2022,تحويل للحساب,1
Insurance,8270,BURUJ,26/09/2019,27/11/2019,16/12/2019,تحويل للحساب,1
Insurance,8270,BURUJ,06/04/2017,22/05/2017,06/06/2017,تحويل للحساب,0.5
Software & Services,7200,MIS,10/01/2023,26/02/2023,12/03/2023,تحويل للحساب,1.2
Software & Services,7200,MIS,03/07/2022,02/10/2022,13/10/2022,تحويل للحساب,1.2
Software & Services,7200,MIS,31/01/2022,28/02/2022,14/03/2022,تحويل للحساب,1
Software & Services,7200,MIS,07/07/2021,29/07/2021,15/09/2021,تحويل للحساب,1
Software & Services,7200,MIS,04/01/2021,07/01/2021,20/01/2021,تحويل للحساب,1.1
Software & Services,7201,ARAB SEA,26/03/2018,08/05/2018,17/05/2018,تحويل للحساب,0.5
Software & Services,7202, SOLUTIONS,16/02/2023,09/05/2023,28/05/2023,تحويل للحساب,5
Software & Services,7202, SOLUTIONS,15/02/2022,29/05/2022,15/06/2022,تحويل للحساب,4
Software & Services,7203,ELM,06/08/2023,13/08/2023,24/08/2023,تحويل للحساب,3
Software & Services,7203,ELM,28/03/2023,04/04/2023,13/04/2023,تحويل للحساب,3
Software & Services,7203,ELM,21/09/2022,29/09/2022,13/10/2022,تحويل للحساب,2
Software & Services,7203,ELM,23/03/2022,09/05/2022,22/05/2022,تحويل للحساب,3
Software & Services,7204,2P,06/12/2022,15/12/2022,12/01/2023,تحويل للحساب,0.7
Telecommunication Services,7010,STC,30/07/2023,03/08/2023,23/08/2023,تحويل للحساب,0.4
Telecommunication Services,7010,STC,10/05/2023,18/05/2023,07/06/2023,تحويل للحساب,0.4
Telecommunication Services,7010,STC,20/02/2023,26/02/2023,16/03/2023,تحويل للحساب,0.4
Telecommunication Services,7010,STC,27/10/2022,02/11/2022,22/11/2022,تحويل للحساب,0.4
Telecommunication Services,7010,STC,03/08/2022,07/08/2022,25/08/2022,تحويل للحساب,1
Telecommunication Services,7020,ETIHAD ETISALAT,20/02/2023,01/06/2023,21/06/2023,تحويل للحساب,1.15
Telecommunication Services,7020,ETIHAD ETISALAT,25/11/2021,23/05/2022,09/06/2022,تحويل للحساب,0.85
Telecommunication Services,7020,ETIHAD ETISALAT,17/12/2020,23/05/2021,06/06/2021,تحويل للحساب,0.5
Telecommunication Services,7020,ETIHAD ETISALAT,21/07/2014,24/07/2014,11/08/2014,تحويل للحساب,1.25
Telecommunication Services,7020,ETIHAD ETISALAT,01/05/2014,06/05/2014,13/05/2014,تحويل للحساب,1.25
Telecommunication Services,7030,ZAIN KSA,26/03/2023,22/06/2023,12/07/2023,تحويل للحساب,0.5
Utilities,2080,GASCO,21/06/2023,05/07/2023,19/07/2023,تحويل للحساب,1
Utilities,2080,GASCO,11/12/2022,15/12/2022,27/12/2022,تحويل للحساب,1
Utilities,2080,GASCO,14/08/2022,15/09/2022,29/09/2022,تحويل للحساب,0.85
Utilities,2080,GASCO,24/03/2022,11/04/2022,24/04/2022,تحويل للحساب,0.75
Utilities,2080,GASCO,08/09/2021,13/09/2021,27/09/2021,تحويل للحساب,0.75
Utilities,2081,AWPT,03/11/2022,08/11/2022,29/11/2022,تحويل للحساب,1.5
Utilities,2081,AWPT,20/03/2022,22/03/2022,30/03/2022,تحويل للحساب,1.5
Utilities,2081,AWPT,30/06/2021,05/09/2021,19/09/2021,تحويل للحساب,1.5
Utilities,2082,ACWA POWER,26/01/2023,22/06/2023,12/07/2023,تحويل للحساب,0.83
Utilities,2082,ACWA POWER,01/06/2022,30/06/2022,21/07/2022,تحويل للحساب,0.77
Utilities,2083,MARAFIQ,03/08/2023,13/08/2023,30/08/2023,تحويل للحساب,1.1
Utilities,2083,MARAFIQ,02/03/2023,08/03/2023,23/03/2023,تحويل للحساب,1.1
Utilities,5110,SAUDI ELECTRICITY,15/03/2023,09/05/2023,25/05/2023,تحويل للحساب,0.7
Utilities,5110,SAUDI ELECTRICITY,16/03/2022,17/05/2022,06/06/2022,تحويل للحساب,0.7
Utilities,5110,SAUDI ELECTRICITY,30/03/2021,27/04/2021,20/05/2021,تحويل للحساب,0.7
Utilities,5110,SAUDI ELECTRICITY,21/04/2020,02/06/2020,16/06/2020,تحويل للحساب,0.7
Utilities,5110,SAUDI ELECTRICITY,13/03/2019,30/04/2019,12/05/2019,تحويل للحساب,0.7
REITs,4330,RIYAD REIT,29/08/2022,04/09/2022,21/09/2022,تحويل للحساب,0.44
REITs,4330,RIYAD REIT,13/02/2022,24/03/2022,30/03/2022,تحويل للحساب,0.47
REITs,4330,RIYAD REIT,15/08/2021,22/08/2021,12/09/2021,تحويل للحساب,0.27
REITs,4330,RIYAD REIT,22/03/2021,28/03/2021,18/04/2021,تحويل للحساب,0.25
REITs,4330,RIYAD REIT,26/08/2020,03/09/2020,28/09/2020,تحويل للحساب,0.2
REITs,4331,ALJAZIRA REIT,16/10/2022,17/10/2022,31/10/2022,تحويل للحساب,0.2923
REITs,4331,ALJAZIRA REIT,05/12/2021,05/12/2021,16/12/2021,تحويل للحساب,0.338
REITs,4331,ALJAZIRA REIT,12/10/2020,15/10/2020,29/10/2020,تحويل للحساب,0.3
REITs,4331,ALJAZIRA REIT,23/06/2019,25/06/2019,11/07/2019,تحويل للحساب,0.5
REITs,4331,ALJAZIRA REIT,17/07/2018,25/07/2018,06/08/2018,تحويل للحساب,0.5
REITs,4332,JADWA REIT ALHARAMAIN,10/03/2020,16/03/2020,06/04/2020,تحويل للحساب,0.2
REITs,4332,JADWA REIT ALHARAMAIN,10/07/2019,17/07/2019,06/08/2019,تحويل للحساب,0.26
REITs,4332,JADWA REIT ALHARAMAIN,18/02/2019,24/02/2019,14/03/2019,تحويل للحساب,0.28
REITs,4332,JADWA REIT ALHARAMAIN,23/07/2018,26/07/2018,28/08/2018,تحويل للحساب,0.28
REITs,4332,JADWA REIT ALHARAMAIN,02/01/2018,09/01/2018,24/01/2018,تحويل للحساب,0.26
REITs,4333,TALEEM REIT,25/01/2023,29/01/2023,21/02/2023,تحويل للحساب,0.16
REITs,4333,TALEEM REIT,17/10/2022,18/10/2022,10/11/2022,تحويل للحساب,0.18
REITs,4333,TALEEM REIT,25/07/2022,26/07/2022,16/08/2022,تحويل للحساب,0.18
REITs,4333,TALEEM REIT,24/04/2022,26/04/2022,25/05/2022,تحويل للحساب,0.18
REITs,4333,TALEEM REIT,24/01/2022,26/01/2022,10/02/2022,تحويل للحساب,0.12
REITs,4334,AL MAATHER REIT,13/03/2023,16/03/2023,30/03/2023,تحويل للحساب,0.18
REITs,4334,AL MAATHER REIT,20/11/2022,24/11/2022,06/12/2022,تحويل للحساب,0.44
REITs,4334,AL MAATHER REIT,07/03/2022,09/03/2022,20/03/2022,تحويل للحساب,0.57
REITs,4334,AL MAATHER REIT,15/03/2021,16/03/2021,30/03/2021,تحويل للحساب,0.39
REITs,4334,AL MAATHER REIT,17/03/2020,19/03/2020,30/03/2020,تحويل للحساب,0.62
REITs,4335,MUSHARAKA REIT,23/01/2023,05/02/2023,19/03/2023,تحويل للحساب,0.2
REITs,4335,MUSHARAKA REIT,17/07/2022,26/07/2022,16/08/2022,تحويل للحساب,0.3
REITs,4335,MUSHARAKA REIT,23/01/2022,27/01/2022,17/02/2022,تحويل للحساب,0.3
REITs,4335,MUSHARAKA REIT,04/07/2021,13/07/2021,10/08/2021,تحويل للحساب,0.3
REITs,4335,MUSHARAKA REIT,03/01/2021,10/01/2021,20/01/2021,تحويل للحساب,0.3
REITs,4336,MULKIA REIT,17/07/2023,18/07/2023,N/A,تحويل للحساب,0.1
REITs,4336,MULKIA REIT,11/04/2023,13/04/2023,08/05/2023,تحويل للحساب,0.13
REITs,4336,MULKIA REIT,18/01/2023,29/01/2023,13/02/2023,تحويل للحساب,0.13
REITs,4336,MULKIA REIT,17/10/2022,23/10/2022,03/11/2022,تحويل للحساب,0.13
REITs,4336,MULKIA REIT,18/07/2022,24/07/2022,04/08/2022,تحويل للحساب,0.13
REITs,4337,SICO SAUDI REIT,30/12/2021,04/01/2022,24/01/2022,تحويل للحساب,0.15
REITs,4337,SICO SAUDI REIT,15/07/2020,21/07/2020,17/08/2020,تحويل للحساب,0.1
REITs,4337,SICO SAUDI REIT,13/01/2020,21/01/2020,13/02/2020,تحويل للحساب,0.26
REITs,4337,SICO SAUDI REIT,02/07/2019,09/07/2019,23/07/2019,تحويل للحساب,0.26
REITs,4337,SICO SAUDI REIT,02/01/2019,07/01/2019,17/01/2019,تحويل للحساب,0.26
REITs,4338,ALAHLI REIT 1,09/03/2023,14/03/2023,31/03/2023,تحويل للحساب,0.3
REITs,4338,ALAHLI REIT 1,20/07/2022,26/07/2022,25/08/2022,تحويل للحساب,0.35
REITs,4338,ALAHLI REIT 1,09/02/2022,15/02/2022,08/03/2022,تحويل للحساب,0.35
REITs,4338,ALAHLI REIT 1,13/07/2021,15/07/2021,12/08/2021,تحويل للحساب,0.35
REITs,4338,ALAHLI REIT 1,08/02/2021,11/02/2021,25/02/2021,تحويل للحساب,0.325
REITs,4339,DERAYAH REIT,03/07/2023,16/07/2023,07/09/2023,تحويل للحساب,0.1
REITs,4339,DERAYAH REIT,02/04/2023,16/04/2023,21/05/2023,تحويل للحساب,0.112
REITs,4339,DERAYAH REIT,01/01/2023,15/01/2023,12/03/2023,تحويل للحساب,0.14
REITs,4339,DERAYAH REIT,02/10/2022,16/10/2022,13/11/2022,تحويل للحساب,0.16
REITs,4339,DERAYAH REIT,03/07/2022,17/07/2022,11/08/2022,تحويل للحساب,0.18
REITs,4340,Al RAJHI REIT,02/07/2023,05/07/2023,30/07/2023,تحويل للحساب,0.12
REITs,4340,Al RAJHI REIT,03/05/2023,11/05/2023,22/05/2023,تحويل للحساب,0.15
REITs,4340,Al RAJHI REIT,06/02/2023,12/02/2023,26/02/2023,تحويل للحساب,0.33
REITs,4340,Al RAJHI REIT,03/08/2022,09/08/2022,28/08/2022,تحويل للحساب,0.33
REITs,4340,Al RAJHI REIT,01/02/2022,08/02/2022,27/02/2022,تحويل للحساب,0.28
REITs,4342,JADWA REIT SAUDI,02/08/2023,09/08/2023,N/A,تحويل للحساب,0.2
REITs,4342,JADWA REIT SAUDI,22/05/2023,29/05/2023,N/A,تحويل للحساب,0.2
REITs,4342,JADWA REIT SAUDI,07/03/2023,14/03/2023,N/A,تحويل للحساب,0.2
REITs,4342,JADWA REIT SAUDI,28/11/2022,05/12/2022,02/01/2023,تحويل للحساب,0.2
REITs,4342,JADWA REIT SAUDI,01/09/2022,07/09/2022,05/10/2022,تحويل للحساب,0.2
REITs,4344,SEDCO CAPITAL REIT,27/07/2023,03/08/2023,31/08/2023,تحويل للحساب,0.1341
REITs,4344,SEDCO CAPITAL REIT,07/05/2023,09/05/2023,15/06/2023,تحويل للحساب,0.1562
REITs,4344,SEDCO CAPITAL REIT,25/12/2022,29/12/2022,16/02/2023,تحويل للحساب,0.1812
REITs,4344,SEDCO CAPITAL REIT,29/09/2022,06/10/2022,17/11/2022,تحويل للحساب,0.1813
REITs,4344,SEDCO CAPITAL REIT,03/07/2022,13/07/2022,18/08/2022,تحويل للحساب,0.175
REITs,4345,ALINMA RETAIL REIT,05/07/2023,11/07/2023,23/07/2023,تحويل للحساب,0.13
REITs,4345,ALINMA RETAIL REIT,09/04/2023,11/04/2023,N/A,تحويل للحساب,0.125
REITs,4345,ALINMA RETAIL REIT,27/07/2022,31/07/2022,10/08/2022,تحويل للحساب,0.1
REITs,4345,ALINMA RETAIL REIT,16/05/2022,24/05/2022,06/06/2022,تحويل للحساب,0.1
REITs,4345,ALINMA RETAIL REIT,16/04/2020,26/04/2020,13/05/2020,تحويل للحساب,0.43
REITs,4346,MEFIC REIT,29/09/2022,13/10/2022,17/11/2022,تحويل للحساب,0.05
REITs,4346,MEFIC REIT,31/03/2022,14/04/2022,23/05/2022,تحويل للحساب,0.1
REITs,4346,MEFIC REIT,30/09/2021,14/10/2021,11/11/2021,تحويل للحساب,0.05
REITs,4346,MEFIC REIT,31/03/2021,15/04/2021,06/05/2021,تحويل للحساب,0.15
REITs,4346,MEFIC REIT,31/03/2020,07/04/2020,21/04/2020,تحويل للحساب,0.25
REITs,4347,BONYAN REIT,08/12/2022,12/12/2022,04/01/2023,تحويل للحساب,0.33
REITs,4347,BONYAN REIT,31/05/2022,01/06/2022,19/06/2022,تحويل للحساب,0.33
REITs,4347,BONYAN REIT,13/12/2021,13/12/2021,29/12/2021,تحويل للحساب,0.32
REITs,4347,BONYAN REIT,23/05/2021,24/05/2021,09/06/2021,تحويل للحساب,0.32
REITs,4347,BONYAN REIT,04/11/2020,05/11/2020,25/11/2020,تحويل للحساب,0.2763
REITs,4348,ALKHABEER REIT,30/04/2023,18/05/2023,23/07/2023,تحويل للحساب,0.105
REITs,4348,ALKHABEER REIT,31/01/2023,09/02/2023,11/04/2023,تحويل للحساب,0.105
REITs,4348,ALKHABEER REIT,31/10/2022,14/11/2022,26/12/2022,تحويل للحساب,0.125
REITs,4348,ALKHABEER REIT,31/07/2022,18/08/2022,28/09/2022,تحويل للحساب,0.125
REITs,4348,ALKHABEER REIT,08/05/2022,22/05/2022,03/07/2022,تحويل للحساب,0.125
REITs,4349,ALINMA HOSPITALITY REIT,14/06/2023,06/07/2023,N/A,تحويل للحساب,0.32
Real Estate Mgmt & Dev't,4020,ALAKARIA,09/05/2018,28/06/2018,16/07/2018,تحويل للحساب,0.5
Real Estate Mgmt & Dev't,4020,ALAKARIA,08/08/2017,10/08/2017,30/08/2017,تحويل للحساب,0.5
Real Estate Mgmt & Dev't,4020,ALAKARIA,20/02/2017,06/04/2017,30/04/2017,تحويل للحساب,0.5
Real Estate Mgmt & Dev't,4020,ALAKARIA,31/07/2016,03/08/2016,21/08/2016,تحويل للحساب,0.5
Real Estate Mgmt & Dev't,4020,ALAKARIA,22/02/2016,10/04/2016,24/04/2016,تحويل للحساب,0.5
Real Estate Mgmt & Dev't,4090,TAIBA,15/11/2021,21/11/2021,05/12/2021,تحويل للحساب,4
Real Estate Mgmt & Dev't,4090,TAIBA,17/12/2020,29/03/2021,15/04/2021,تحويل للحساب,0.5
Real Estate Mgmt & Dev't,4090,TAIBA,16/07/2020,06/08/2020,20/08/2020,تحويل للحساب,0.5
Real Estate Mgmt & Dev't,4090,TAIBA,27/02/2020,25/03/2020,09/04/2020,تحويل للحساب,0.45
Real Estate Mgmt & Dev't,4090,TAIBA,13/11/2019,13/11/2019,28/11/2019,تحويل للحساب,0.45
Real Estate Mgmt & Dev't,4100,MCDC,30/03/2023,06/06/2023,20/06/2023,تحويل للحساب,1
Real Estate Mgmt & Dev't,4100,MCDC,12/03/2020,19/04/2020,14/05/2020,تحويل للحساب,1.5
Real Estate Mgmt & Dev't,4100,MCDC,25/03/2019,01/05/2019,22/05/2019,تحويل للحساب,2
Real Estate Mgmt & Dev't,4100,MCDC,02/04/2018,21/05/2018,06/06/2018,تحويل للحساب,2
Real Estate Mgmt & Dev't,4100,MCDC,23/03/2017,21/05/2017,12/06/2017,تحويل للحساب,2.5
Real Estate Mgmt & Dev't,4150,ARDCO,27/07/2023,10/08/2023,31/08/2023,تحويل للحساب,0.25
Real Estate Mgmt & Dev't,4150,ARDCO,21/03/2023,30/04/2023,18/05/2023,تحويل للحساب,0.25
Real Estate Mgmt & Dev't,4150,ARDCO,29/09/2022,10/10/2022,30/10/2022,تحويل للحساب,0.25
Real Estate Mgmt & Dev't,4150,ARDCO,20/02/2022,12/05/2022,31/05/2022,تحويل للحساب,0.5
Real Estate Mgmt & Dev't,4150,ARDCO,14/07/2021,09/09/2021,30/09/2021,تحويل للحساب,1
Real Estate Mgmt & Dev't,4230,RED SEA,15/02/2017,21/05/2017,31/05/2017,تحويل للحساب,0.75
Real Estate Mgmt & Dev't,4230,RED SEA,27/01/2016,20/04/2016,01/05/2016,تحويل للحساب,0.75
Real Estate Mgmt & Dev't,4230,RED SEA,20/01/2015,20/04/2015,03/05/2015,تحويل للحساب,1
Real Estate Mgmt & Dev't,4230,RED SEA,21/01/2014,24/04/2014,07/05/2014,تحويل للحساب,1.25
Real Estate Mgmt & Dev't,4230,RED SEA,20/01/2013,24/04/2013,08/05/2013,تحويل للحساب,1.5
Real Estate Mgmt & Dev't,4300,DAR ALARKAN,26/04/2018,15/05/2018,05/06/2018,تحويل للحساب,0.5
Real Estate Mgmt & Dev't,4300,DAR ALARKAN,19/05/2010,23/06/2010,12/07/2010,تحويل للحساب,1
Real Estate Mgmt & Dev't,4300,DAR ALARKAN,25/02/2008,19/04/2008,10/05/2008,تحويل للحساب,3
Real Estate Mgmt & Dev't,4300,DAR ALARKAN,30/06/2007,30/06/2007,02/07/2007,استلام شخصي,3
Real Estate Mgmt & Dev't,4300,DAR ALARKAN,05/07/2006,05/07/2006,07/07/2006,استلام شخصي,15
Real Estate Mgmt & Dev't,4320,ALANDALUS,12/03/2023,16/03/2023,28/03/2023,تحويل للحساب,0.25
Real Estate Mgmt & Dev't,4320,ALANDALUS,25/08/2022,18/09/2022,29/09/2022,تحويل للحساب,0.25
Real Estate Mgmt & Dev't,4320,ALANDALUS,13/03/2022,16/03/2022,28/03/2022,تحويل للحساب,0.25
Real Estate Mgmt & Dev't,4320,ALANDALUS,10/10/2021,12/10/2021,24/10/2021,تحويل للحساب,0.25
Real Estate Mgmt & Dev't,4320,ALANDALUS,04/03/2021,01/06/2021,13/06/2021,تحويل للحساب,0.5
Real Estate Mgmt & Dev't,4321,CENOMI CENTERS,16/07/2023,23/07/2023,13/08/2023,تحويل للحساب,0.87
Real Estate Mgmt & Dev't,4321,CENOMI CENTERS,02/04/2023,04/04/2023,25/04/2023,تحويل للحساب,1
Real Estate Mgmt & Dev't,4321,CENOMI CENTERS,02/01/2023,22/01/2023,12/02/2023,تحويل للحساب,0.75
Real Estate Mgmt & Dev't,4321,CENOMI CENTERS,03/07/2022,05/07/2022,26/07/2022,تحويل للحساب,0.75
Real Estate Mgmt & Dev't,4321,CENOMI CENTERS,24/01/2022,26/01/2022,14/02/2022,تحويل للحساب,0.75
Real Estate Mgmt & Dev't,4322,RETAL,01/08/2023,28/09/2023,10/10/2023,تحويل للحساب,0.16
Real Estate Mgmt & Dev't,4322,RETAL,01/03/2023,02/05/2023,11/05/2023,تحويل للحساب,3
Real Estate Mgmt & Dev't,4322,RETAL,09/08/2022,29/09/2022,12/10/2022,تحويل للحساب,2
